,log_return
1,-0.0001638815680742
2,-0.0029020753727594
3,0.0061229509345802
4,0.0002181745314034
5,0.0006536260429539
6,0.0027185982041408
7,-0.0133943289608769
8,0.0108389430358846
9,0.0053755793252127
10,-0.001300655119768
11,-0.0042381364845931
12,0.00293568574071
13,0.0006513865938124
14,-0.008226487721672
15,-0.021566943763965
16,-0.0049312723612838
17,0.0059367531848003
18,-0.009651654184524
19,0.010544915392717
20,-0.0058759201362688
21,-0.0227624712013403
22,0.0069802912690377
23,-0.0012551121166793
24,0.0131012351153936
25,0.0123195485942058
26,0.0018347242313542
27,0.0108841664415294
28,0.0004950507888376
29,0.0051494073914291
30,0.0055033422095753
31,0.0011948882918256
32,-0.0066435679103254
33,0.0058835994422941
34,-0.0011413932813192
35,0.0055311824839324
36,-0.0003787886510031
37,5.442549457716269e-05
38,0.0052339900989766
39,0.0025263594449468
40,-0.0070572398859827
41,0.0139577658465488
42,0.0009059391741672
43,0.0022874967895834
44,0.0004254067630572
45,-0.0005314382576963
46,-0.0049552793676738
47,0.0002673244946084
48,-0.0112764648975763
49,-0.002812059936249
50,0.0090031315404697
51,0.0071122116975231
52,-0.005342910013514
53,0.0058225811874676
54,-0.0038863991675196
55,-0.0041435459272616
56,0.0047343823324403
57,-0.0072182486335738
58,-0.0021109388996302
59,0.0049182415782881
60,0.0081608163877267
61,0.0066089595833599
62,0.0033408567822737
63,-0.0013244233400236
64,-0.0118924388530917
65,-0.0111129740285909
66,0.0041149946684754
67,0.0106929071639156
68,-0.0212294560387788
69,-0.0090493550491474
70,0.0078470943610527
71,0.0068634461802597
72,0.0104236679597399
73,0.0013963393229804
74,0.0034810454622478
75,0.0045343104656253
76,-0.0023448314776746
77,0.0020253285730205
78,-0.0082325680678474
79,0.0031618839606312
80,0.0046445876074938
81,0.0029783745561656
82,0.0001063728742646
83,-0.0014349066081047
84,0.0019122566738275
85,-0.0087421923722981
86,0.0058722854255983
87,-0.001065198824745
88,0.0014909013159554
89,0.0096888943890074
90,0.0008953897166512
91,-0.0047490546530668
92,-0.0088188600709523
93,0.0034626145625081
94,0.003662466860292
95,-0.0063250817382978
96,0.0083890478245746
97,0.0024291024599461
98,0.0040009793166756
99,0.0061276424829864
100,-0.0007312675854197
101,0.0051598437669963
102,0.0016099588780902
103,0.0011410372020865
104,-0.0005183071888326
105,0.0020205468205464
106,0.0065010508825989
107,0.0047711410752421
108,0.0010229542512497
109,0.0001025144311415
110,-0.0034825963349696
111,-0.0071048073727025
112,0.0030438122547018
113,0.000823829916218
114,0.0027754498560167
115,0.0073127574027565
116,0.0011202352354486
117,0.0020285004052404
118,-0.0003065241872766
119,-0.0060421748900607
120,0.0045094717851254
121,-0.0007156102795926
122,0.0019418848034238
123,-0.0005103223760808
124,0.0066705875337395
125,0.0010147334008243
126,0.0049060968389418
127,-0.0034877052446696
128,-0.0064507377109674
129,0.0044744455105824
130,-0.00396519123365
131,0.0013744006640348
132,0.0050227116954254
133,-0.0018740205196975
134,0.0036944630775094
135,-0.0114311910034164
136,0.0101672943069133
137,-0.0018730709202701
138,0.0043486013782054
139,0.0022176941907548
140,4.999460573269176e-05
141,-0.0046926139269105
142,0.0004044689129173
143,-0.0043064239167552
144,0.0001520170989649
145,-0.0199454039609294
146,-0.0030601764559289
147,0.0071946102042928
148,-0.0097436321957294
149,0.000312797932671
150,-0.0054299317937509
151,0.0115027157241908
152,0.0028940842783747
153,-0.0013945339967632
154,0.0067463926151142
155,0.0047104176030454
156,-0.0002038946927964
157,0.0083441201712194
158,0.0052055182835267
159,0.0026675238141199
160,0.0029118726615499
161,-0.001555192815899
162,0.0050576821693336
163,0.0006493997266714
164,-0.0003996377363107
165,-0.0005495772950663
166,0.0028439289849634
167,-0.0004984411790438
168,-0.0005481280020715
169,-0.001447197697287
170,0.0044845893548859
171,-0.0025889261864356
172,-0.0063512801041981
173,0.0037559123246272
174,0.0011488194245109
175,-0.0058585727502886
176,-0.0007535037111732
177,0.0075103495763993
178,0.0013457598526896
179,0.0053158865840221
180,-0.0009012362102691
181,-0.0077532266096298
182,-0.0057408024087159
183,0.0077973204253251
184,-0.016267036867137
185,0.00791407943516
186,-0.0018206524978096
187,-0.0026359681648584
188,-0.0136445690511093
189,0.0001542844671161
190,0.0109492713595759
191,-0.0011708438853824
192,-0.0155568810468926
193,0.0173382850085086
194,-0.02003270903109
195,-0.0114800222803167
196,-0.0165631626936651
197,0.0015462584589135
198,-0.0067894416485912
199,-0.0008582416607806
200,0.0117415461587407
201,0.00966280641981
202,0.0196171417503346
203,-0.007136322771242
204,0.011558075822922
205,0.0076653465777741
206,-0.0013753785352709
207,0.0114045953779476
208,-0.0015128141236508
209,0.0063899674001507
210,0.0113708889963104
211,0.0005453713052057
212,-0.0034753474616878
213,0.0062961020505999
214,0.0039951474238103
215,0.0009349882957624
216,0.0031422742040533
217,0.0009802333091737
218,-0.0010781555062167
219,0.0011269293132622
220,0.0002450998699235
221,0.0006364000502193
222,0.0057570005103882
223,-0.0016068791038648
224,0.0017526676575103
225,0.0053362898690096
226,0.0028026905410603
227,-0.0007238672500854
228,0.0025557615788033
229,-0.0021213961882727
230,-0.0069742055220782
231,0.0064433979082824
232,0.0038556073057459
233,-0.0011073946640279
234,0.0016362490021329
235,-0.0067049102604256
236,-0.0006784468943927
237,-0.0161610400888444
238,0.0050569756789157
239,-0.0162932169647035
240,-0.0068935849875443
241,-0.0080516931488138
242,0.0194152168735394
243,0.0244279145642994
244,0.0042457354487988
245,0.0045897389924696
246,0.0013483328308686
247,9.640420290883097e-05
248,0.0032196859378467
249,0.0013421505271573
250,-0.0053803294070144
251,-0.0099722379064102
252,-0.0005358250877523
253,-0.018224395520958
254,-0.0094635056061818
255,0.0123836695781769
256,0.0175898602414891
257,-0.0080458713365452
258,-0.0078646493594968
259,-0.0028160472997874
260,-0.0060560615326579
261,-0.0092026295840884
262,0.0130287822811172
263,0.0021303353872842
264,0.0050353354701144
265,0.0147617463036159
266,-0.0054981261121201
267,0.0023393182915214
268,-0.0132784471941693
269,-0.0129072208942899
270,0.0092009467793764
271,-0.0126544277762457
272,0.012308406366142
273,0.0143571422968546
274,-0.0038149750988174
275,0.0100442026751645
276,-0.0027692887250489
277,-0.0044852540096542
278,0.0105967234498423
279,0.0005797589503957
280,0.0095713327069874
281,0.0041077570060887
282,0.0015716638523855
283,9.523396013480684e-05
284,-0.0007143446047959
285,0.0059830067899154
286,-0.0001422341154185
287,0.0028368549642369
288,-0.0008502812571968
289,-0.0011818909021674
290,-0.0034118003110688
291,0.0062932713253373
292,-0.0041123683324454
293,-0.004224354560967
294,0.001093363907817
295,-0.014164275858018
296,0.0041358112500821
297,-0.0163545946231824
298,-0.0023445087149802
299,0.0126338545279766
300,-0.0061511813408555
301,0.0132720307624422
302,-0.0029769788459788
303,0.0119498428425138
304,-0.0045717476666828
305,0.0087880180385223
306,-0.0019504497081052
307,-0.0056349157231826
308,-0.0147622461544748
309,-0.0023840366453567
310,0.0022868565355501
311,0.0121262101742876
312,-0.0087781885732707
313,-0.0035424101571405
314,0.0035910605194467
315,0.0067106918883529
316,-0.0026502271649971
317,0.0033713912585246
318,0.0044137430104261
319,0.0054423925350757
320,-0.0045330343952713
321,0.0019109029868286
322,0.0044771960003472
323,-0.0002850101216144
324,-0.0115702756694206
325,0.0090952392670649
326,-0.0011921204934379
327,0.0049023382782879
328,0.0025131847363025
329,0.002317787319382
330,-0.0041667795178887
331,0.0031742110736643
332,-0.0041233167669937
333,-0.01007101083405
334,0.0107834020194639
335,0.0028426826269416
336,-0.0115177890446819
337,-0.0041248425762138
338,0.003981479106968
339,0.0130800311356148
340,-0.0047844066562154
341,-0.0029958434764704
342,0.0001908623293864
343,0.010373621953617
344,0.0010833514750421
345,0.003102083211674
346,-0.0003290968758931
347,-0.000703890661261
348,0.002908136833908
349,-0.0023914667379129
350,-0.0108102392615209
351,0.0094477126019833
352,-0.0011293820794496
353,-0.0062321652656252
354,0.0020342673137024
355,-0.0009930308293525
356,0.0026461817362375
357,-0.0084822050523186
358,-0.0017149460028964
359,-0.0061687711641779
360,-0.0001436523079573
361,0.0119218913933443
362,0.0032183583135771
363,-0.0076843183233462
364,-0.0042946513368083
365,0.0054368531313178
366,0.001615570683237
367,0.0103455180834733
368,-0.0044488833487315
369,0.0051101474529438
370,0.0007075340124901
371,-0.0072895133448181
372,-0.0030446428306281
373,-0.0001903434455637
374,-0.0211935789470174
375,0.0020910895455072
376,0.007983182232045
377,-0.0009156681079799
378,-0.0028502343139539
379,0.0062689982041585
380,-0.0169192081255183
381,0.0018072011218953
382,0.01251283704469
383,0.0109768369742056
384,0.0043285820364008
385,-0.0003325627725592
386,0.0079924724922052
387,0.0008473762487934
388,0.0005176209885435
389,-0.0039592431171083
390,-0.0017959719769568
391,-0.005645602779575
392,-0.0104263471657149
393,-0.0058344335541452
394,0.0122083925019269
395,0.0068555076307962
396,0.0002371536734094
397,-0.0015194135578561
398,-0.0033784184682183
399,-0.0019563052459647
400,0.0032901332498498
401,-0.0082213846916197
402,-0.0019218634918923
403,0.0125207481083675
404,-0.0090643279410379
405,0.0011975628001301
406,-0.0012455475036627
407,0.0036358576203586
408,0.0055715516601883
409,-0.002901228987703
410,-0.0079367596065755
411,-0.0211024432840319
412,-0.0305646853832135
413,-0.0430191719538324
414,-0.0118373934550447
415,0.0376751107849721
416,0.024433761915626
417,5.02457795249699e-05
418,-0.0081116724397751
419,-0.0303027495094446
420,0.0188035075256175
421,0.0007161660298793
422,-0.0152524236041629
423,0.0248204533509159
424,-0.0134620880951706
425,0.0054269218095932
426,0.004534298393716
427,-0.0037176628447944
428,0.0124219168665797
429,0.0086293251823384
430,-0.0022503671907114
431,-0.016476341901043
432,0.0051543640270238
433,-0.0130649032399134
434,-0.001600253091696
435,-0.0036221652143738
436,-0.0002589739219848
437,-0.0254175467945373
438,0.0005848345062456
439,0.0184864682340545
440,0.0026054352246953
441,0.0148278971939873
442,0.017638084857812
443,-0.0034320337018384
444,0.008157019378284
445,0.0089863849702199
446,0.0005961348056645
447,0.0009432812326916
448,-0.0063221453960343
449,-0.0048055320770599
450,0.015238005640052
451,0.0045361465754565
452,0.0004918741108127
453,-0.001279447604378
454,-0.0062227013727217
455,0.0167524943144088
456,0.0109018673982371
457,-0.0024606520412754
458,-0.0019338628975445
459,0.0113102725135881
460,-0.0005746488800409
461,-0.0043191182680075
462,0.0117615949160962
463,0.0028950489216968
464,-0.0030376109667739
465,-0.0009987623327743
466,-0.0005235103274929
467,-0.0093752187817391
468,0.0023036687258804
469,-0.0039392248318668
470,-0.0140581620391202
471,-0.0112917868742539
472,0.0150926506431177
473,-0.0007300007121955
474,0.0157416814682404
475,-0.0008627456791857
476,0.0036373342474429
477,-0.0011470436317335
478,0.0013383348301662
479,-0.000143616381858
480,0.0011461069551692
481,-0.0041601429985282
482,0.0094907404429351
483,-0.0102576779569785
484,-0.0141016794441498
485,0.0193150383700048
486,-0.0060769324821271
487,-0.0067422331090632
488,-0.0078101456600549
489,0.002577821490201
490,-0.0195713069404609
491,0.005039787048692
492,0.0104430301638117
493,0.0145259032908164
494,-0.015355423950671
495,-0.0179759543078104
496,0.0082156910213547
497,0.009033215352355
498,0.0123071964590478
499,-0.0016518589570296
500,-0.0022875596718902
501,0.0106155414493724
502,-0.0071131578385456
503,-0.0100537525422223
504,-0.0140780258770385
505,0.0016900298815738
506,-0.01269450617945
507,-0.0242840166345868
508,-0.0110373977686984
509,0.0009899361681759
510,0.0080356728954705
511,-0.0252569175853622
512,0.0162835582893122
513,-0.0216996767965782
514,0.0013299532280844
515,-0.0128977155424469
516,0.0055863014628035
517,0.0203075374945851
518,-0.0152320856387841
519,0.0135513596455885
520,-0.0109432545329608
521,0.0051957966650213
522,0.0240845768198358
523,-0.0003612165060002
524,-0.0181863458048205
525,0.0059770078922149
526,0.0015670563345635
527,-0.019234025787418
528,-0.013552542727219
529,5.398426709463096e-05
530,-0.0008630292569305
531,-0.0130936112234363
532,0.0204077050766398
533,0.016736837987243
534,0.0162027994014136
535,-0.0041041303737496
536,-0.00046864159156
537,0.0143751515657567
538,-0.0127097943918734
539,0.0045652735326269
540,0.0120390756122302
541,-0.0023040705373891
542,-0.0078737514930353
543,0.0232350369358756
544,0.0044825375981347
545,0.0039119782320258
546,0.0032482273337418
547,0.0007977781875277
548,-0.010977653025516
549,0.004927050749341
550,0.0008025194720791
551,0.0160085117600153
552,-0.0012832590761828
553,-0.0016307262372659
554,0.0057704542238619
555,0.0063240036495532
556,0.0039218165922376
557,0.0014178392267081
558,-0.0005376490109651
559,-0.0066211819813564
560,-0.0004433627918807
561,0.0005908129553367
562,0.0092073805282671
563,0.0043781934673977
564,-0.0024296916946029
565,0.006788973234338
566,-0.0032432535377995
567,-0.0100381472714706
568,0.0108619434818946
569,-0.0120381527020265
570,0.0026931172560825
571,-0.0023497047944569
572,0.0092695019208044
573,0.0100504245748479
574,4.779095771015883e-05
575,-0.0011061492950841
576,0.007002270591199
577,0.0031491117137911
578,0.0009525386923543
579,-0.0053927559590277
580,0.0
581,-0.0017245577487882
582,0.0014850492937407
583,0.0020559840029883
584,-0.009117022269485
585,-0.005413478889503
586,0.0079169710888253
587,-0.0087414742495223
588,-0.0055936890736646
589,-0.0001950239710038
590,0.0036523007406434
591,0.0008260918053039
592,0.0123571807861893
593,-0.0093989668985178
594,0.0002903547100355
595,-0.0087521612549906
596,0.0098171139293703
597,-0.0093774763491149
598,0.0002927804207552
599,-0.0034711421259121
600,0.0062977557769281
601,-0.0013636468434912
602,0.0128790549166451
603,0.0067603233755249
604,0.0002863270877797
605,0.0042902090216215
606,-0.0019044591431115
607,0.0020469792385372
608,0.0030391101417416
609,-0.0029914092075097
610,0.0050754737623751
611,0.0015602453575525
612,0.0032543172377757
613,-0.001366565709155
614,-0.009522598923288
615,-0.0077416185215518
616,-0.001968782752821
617,-0.0013950281647062
618,0.0029798198673288
619,-0.0037312116851875
620,0.0064194868824384
621,0.002834526113436
622,-0.0016325675192742
623,0.0129384227515603
624,-0.0365696531398247
625,-0.0180720255818541
626,0.0178752685302323
627,0.0168840443523731
628,0.0135537253228478
629,0.0020982120644073
630,-0.0072194803375212
631,0.0059801019947507
632,-0.0006200955880398
633,0.0147806223908696
634,0.0035205644634664
635,0.0072370460781344
636,-0.0001392758932509
637,0.0055677508292204
638,-0.0013428209536878
639,0.002683758819802
640,-0.0010171354869316
641,0.004154446542547
642,-0.0037843620093191
643,0.0044749854961331
644,-0.0027194659768322
645,0.0004614584058475
646,-0.0010619526654533
647,0.001154268119179
648,0.0016131165946989
649,-0.00082931301375
650,-0.006427806785975
651,0.0029187157034039
652,0.0010630450764515
653,0.0081457887111024
654,-0.0005959550961049
655,0.000595955096105
656,-0.0024783016260791
657,0.0046298498582099
658,-0.0008690196291539
659,0.0028796487046111
660,-0.0051713839208519
661,0.0018795042114231
662,0.0022416823652589
663,-0.001463293239
664,-4.6068203208372086e-05
665,0.0020115692134282
666,-0.005127929986711
667,-0.0006887707972319
668,-0.0018854579179668
669,0.0049127357024056
670,-0.0016504554789305
671,-0.0028476727359162
672,4.5574200092516416e-05
673,0.0044980868777794
674,0.0030180038118906
675,-9.128151689857111e-05
676,-0.0022856471397077
677,-0.0242262254617714
678,0.0142457555825597
679,-0.0144801285567604
680,-0.0003751946486377
681,0.0099432027709514
682,-0.0038727413401073
683,0.0001872687809305
684,4.67701805211688e-05
685,0.0111828362036549
686,0.0062817558666627
687,-0.0054945186429876
688,-0.0081352266185435
689,0.0061889574122095
690,0.0049512321441999
691,-0.009088608161987
692,0.0075179972981584
693,-0.0024070131818008
694,-0.0051109841163576
695,0.0044157287192626
696,0.0006952553970951
697,-0.003435445102973
698,0.0051949702340603
699,-0.0127102525248013
700,0.0013112713588647
701,-0.0032808253629216
702,0.0005160660406126
703,-0.0034783156805158
704,0.0062430750028249
705,0.0026635644243402
706,-0.0018683918731695
707,0.0004673217737114
708,0.0042439502587733
709,-0.0033561516989189
710,-0.0020097711074042
711,-0.0026706348622851
712,-0.0029597731384734
713,4.712845294462377e-05
714,-0.0072715562598644
715,-0.006036871504647
716,-0.0045876527190348
717,-0.0011022406301969
718,0.0218169808289802
719,0.0044942232349278
720,0.0105460203105621
721,0.0024926253002746
722,-0.0023077155190483
723,0.0007851374578052
724,0.0077725785465847
725,-0.001879934526715
726,0.0051272569388362
727,-0.0022400321372667
728,0.0075229915059144
729,0.0019515523049102
730,0.0005436674528379
731,0.0037087451698592
732,-0.0047058287470768
733,0.0019484731381128
734,-0.0024020144942965
735,-0.0036822628275672
736,0.0005002479750419
737,0.0059910782387888
738,0.0031623984232641
739,0.0129959817242387
740,0.0024459208052197
741,0.0060220715320229
742,-0.0011484964751175
743,0.0066519443822828
744,-0.0082887445175222
745,0.0041090703498494
746,-0.0019578877051209
747,0.0021749338471139
748,0.0038502193799667
749,-0.0027863041962972
750,-0.0017288802439572
751,0.001463105155887
752,0.00247785077424
753,-0.0082990170243573
754,-0.000222617201531
755,-0.0036617483323893
756,0.0076209186546224
757,0.0059315332586811
758,-0.0007948408448986
759,0.0035714312574409
760,-0.003306154675861
761,0.0
762,0.0028220648233983
763,-0.0025132090289342
764,0.0022930836372956
765,-0.0035298585920803
766,0.0022073104165468
767,-0.0037113127706687
768,0.0036673168838885
769,-0.0026054242308191
770,0.0063910738615092
771,0.0086186019960451
772,-0.001046218442428
773,-0.00157115192764
774,-0.0062207185324581
775,-8.799416455645967e-05
776,0.0003955256168337
777,0.0006585781823547
778,0.0068692598434405
779,-0.0017889395843608
780,4.357500756903047e-05
781,0.0013094434890535
782,0.0059151655361921
783,0.0039385593126891
784,0.0054277962108318
785,0.003987139026194
786,0.0052070751467092
787,-0.0008518355754225
788,0.001575052082031
789,0.0059372162472375
790,-0.0008882488136843
791,0.0006768645005647
792,0.0012681572943485
793,0.0015617722121592
794,-0.0027028401394421
795,0.0139002203069216
796,-0.0063171362089265
797,0.0006292247938771
798,-0.0029823590853756
799,-0.0029912057957731
800,-0.0018583923582221
801,0.0012673655265887
802,0.0034979995785345
803,0.0005049213255495
804,-0.0038338716494848
805,0.0086160705720824
806,-0.0019688455443827
807,-0.0017577050007646
808,-0.0010973757127403
809,-0.0129226784839973
810,0.0023503683976658
811,-0.0010677463007125
812,-0.0007269473681627
813,-0.0010263970205726
814,0.0072503823898279
815,0.0009341287175372
816,0.0031794189963332
817,-0.0023303517853486
818,-0.0017407640509747
819,0.0006372310098939
820,-0.0029771003957507
821,0.002807172073791
822,-0.0010201767669723
823,0.0005953041561974
824,-0.0011905149696324
825,-0.0043913849861665
826,-0.0065159655752915
827,0.0088207572600923
828,-0.0029886670787126
829,-0.001840315786134
830,0.0081060911358451
831,-0.0031919001883577
832,0.010937993591037
833,0.0058017668035909
834,-0.0006290275668198
835,0.0008384439105556
836,-0.0021817129405809
837,0.0025169672915762
838,0.0003770360330193
839,-0.0012154195393602
840,0.0011735254995236
841,0.0039291435342635
842,-0.0001666435546553
843,-0.0009187219664899
844,0.0017946810175483
845,-0.0020449282607838
846,-0.001672413945088
847,0.0055081508535322
848,-0.0009157624208171
849,-0.0179035976457796
850,0.0040205759253309
851,0.0064832022056778
852,0.0050643172765325
853,0.0022104276255133
854,0.0023299868112344
855,0.0047682458958836
856,-0.0002070418181777
857,-0.0008690703162154
858,-0.0002482576915948
859,0.0079206856863171
860,0.0033230238370236
861,-0.0007376718549047
862,-0.0032019430767649
863,0.0018486339009606
864,0.000492363621698
865,-0.0015190566473247
866,-0.000205349780688
867,0.0048779005470911
868,-0.001268366766762
869,-0.0019261603944311
870,0.0002185355435233
871,0.0082904306509663
872,-0.0067668324789133
873,-0.0002469550725377
874,-0.0004528135377879
875,0.0011934240417539
876,0.0006579480237272
877,-0.0080890692211836
878,0.00891062699969
879,-0.0088274839311527
880,0.0018625020375363
881,0.0016943737076993
882,0.0023096202052741
883,-0.0091868051944224
884,0.0064641033038003
885,0.0010733118052857
886,-0.000742861650129
887,0.0074866374800704
888,0.0016789689975386
889,0.0046532304412904
890,-0.0001224010449356
891,0.0005295380787622
892,0.0053994446033433
893,0.0004451362261375
894,-0.0008905414242181
895,-0.0002429418816302
896,0.0024277551250048
897,4.030211624410796e-05
898,-0.0009300444003766
899,-0.0011736928764806
900,-0.0005671232929859
901,0.0022265299814279
902,0.0004851251219535
903,-0.0019421970247027
904,0.0018206554625267
905,0.0018573659030055
906,-0.0024638121933927
907,-4.032982166619874e-05
908,-0.014215938391266
909,0.0014756847101464
910,0.0098645958573525
911,-0.000121772760774
912,0.001742862681336
913,-0.0157138763880445
914,-0.0015643245806058
915,0.0007826119722052
916,0.010402547974111
917,-0.0035919586018865
918,-0.0023332078036373
919,0.0023332078036373
920,4.134467006188521e-05
921,0.0011439051054747
922,0.0047264327847696
923,0.005997892333057
924,0.0014132971357958
925,-0.0072079016280448
926,0.0034078545344424
927,-0.0001215244830533
928,-0.0011753334251037
929,0.0106093998662216
930,0.0033649220471098
931,0.0004796904266383
932,-0.0003197680494069
933,0.0013452681193594
934,0.0021248174415243
935,0.0010005172433752
936,0.0003602470640128
937,-0.0026831768194364
938,0.0002006574184729
939,-0.0020468520688704
940,0.0006024052004653
941,0.0038866595211102
942,0.0011991950592792
943,0.0035089550782974
944,0.0043291948440413
945,0.0021377972533556
946,0.00118580774244
947,0.0059078331616487
948,-0.0011397414731674
949,-0.0016524143341286
950,0.0026346507525461
951,0.0015697105478582
952,-0.0014910231625962
953,0.001216716329979
954,0.0013328003742287
955,0.0007049497287194
956,0.0009778729755904
957,0.0002735489218468
958,0.0051473064564459
959,-0.0038970415501075
960,0.0017557413607741
961,-0.0049623778932693
962,0.0012918018511471
963,0.0081428861485045
964,-0.0037322013921991
965,0.0015569009548266
966,0.0013210678514314
967,0.0003884515961545
968,0.0033331784856283
969,0.0015465335131073
970,-0.0006958087058704
971,0.0016996168191206
972,-0.0036343870662521
973,-0.0003100778976061
974,0.0009294072504858
975,-0.002325207181864
976,-0.0050176535937648
977,0.0084649392540946
978,-0.0029429396593921
979,0.0017048838738687
980,0.0065214265217226
981,-0.0008848024860628
982,0.0023068560401824
983,-0.0004992349685121
984,0.0100935410785988
985,-0.0006086958520973
986,0.0087169527452023
987,-0.0020775979629096
988,-0.0012108967180153
989,-0.0036026225735932
990,0.0001895430285676
991,0.0031479818114666
992,0.0054385378328897
993,0.0030083591279203
994,0.0017632665634075
995,-0.0001124339069275
996,-0.0040945899973478
997,0.0082929573198012
998,0.006321285912519
999,-0.003847856991012
1000,-0.000524173416176
1001,0.0020571848294438
1002,-0.0002614570006661
1003,-0.0011965562624454
1004,0.0004864778029827
1005,0.0020550194945536
1006,-0.0037775810337501
1007,0.0071318480749118
1008,0.0063055021680099
1009,0.004205663960698
1010,0.0066418266723967
1011,0.0018270792351678
1012,0.0022610753670522
1013,-0.0015312025790821
1014,0.0072698905039459
1015,0.0064976136151332
1016,-0.003424162678211
1017,0.0094865272531122
1018,-0.0016822751163388
1019,0.0045391289239657
1020,0.0080982956818331
1021,0.00212051917272
1022,-0.0003887113109363
1023,0.0004236195681341
1024,0.0115112346908188
1025,-0.0066518570193286
1026,-0.0103100342444296
1027,0.000496531863419
1028,-0.0011356871714625
1029,-0.0220103072410789
1030,-0.0427222203027262
1031,0.0195105246690253
1032,-0.0054396222630174
1033,-0.0382305366032678
1034,0.0149098299869979
1035,0.0145779413850163
1036,0.0024839315291247
1037,0.0134061159151088
1038,0.0126794650639763
1039,0.000293015414973
1040,-0.0062810536465777
1041,-0.0049866780143962
1042,0.0012954713105904
1043,0.0158136663078014
1044,0.0115453487965224
1045,-0.0125652371468078
1046,-0.0101819104740567
1047,-0.014647440044711
1048,0.0051418274086029
1049,0.0114913239415333
1050,0.002532125758359
1051,-0.0003662745816419
1052,0.004827146247516
1053,0.0172527087671864
1054,-0.001255789533615
1055,-0.0064838210346883
1056,-0.0051446954077301
1057,-0.001090438713321
1058,0.0010839702140488
1059,-0.0136226919641515
1060,0.0016991730631885
1061,-0.0019210616363695
1062,-0.0253151645896429
1063,-0.0215448846515955
1064,0.0269914443715959
1065,-0.0171580717440485
1066,-0.0029589457168357
1067,0.0126964985134345
1068,-0.0218209075756203
1069,0.0127356020959529
1070,0.0106422436307307
1071,0.0078608191739233
1072,-0.0225377727178621
1073,0.0049160935781741
1074,0.0157755134892126
1075,-0.0052560581991573
1076,0.0081930852811631
1077,-0.0029370270820056
1078,0.0081880574225089
1079,0.0106414277539769
1080,0.0007399877499072
1081,-0.0055625652281126
1082,-0.0085157423784307
1083,-0.0001499223794386
1084,-0.013559180996725
1085,0.0024686460735148
1086,0.0101143596222396
1087,0.0009385781418642
1088,-0.0077204275611281
1089,0.0017753123524226
1090,-0.006739911267752
1091,-0.0022063667774088
1092,0.0128633170143688
1093,0.0033779746404672
1094,0.0
1095,0.0096191390773489
1096,0.0093070902202403
1097,0.0030464405811054
1098,0.0004768230313143
1099,-0.0069111006448092
1100,0.0041964778578617
1101,-0.000845104866867
1102,-0.0025032419173085
1103,0.0074900602819635
1104,-0.0027838915459905
1105,0.002747544577574
1106,-0.0020504818266803
1107,-0.0023859440332483
1108,-0.0115675640741393
1109,0.0132564453564939
1110,-0.0061445683011048
1111,0.0097698031596128
1112,0.0047401306862241
1113,0.0007271258904968
1114,0.0083259664052997
1115,-0.0001080193303505
1116,0.0029521750461366
1117,0.00132892325045
1118,0.0012915988605034
1119,-0.0031962998176015
1120,0.0025145988541068
1121,-0.0012763966341358
1122,-0.0020586341616397
1123,-0.0038404492397234
1124,0.0017045806802832
1125,-0.006288577203825
1126,0.0018217945694408
1127,-0.0137064009434191
1128,0.0022114166581548
1129,-0.0083186749560338
1130,0.0057010551527608
1131,0.001438684020082
1132,0.002135739629396
1133,-0.0035377826704116
1134,0.0081252856351053
1135,0.0084226179539901
1136,0.0089638466569459
1137,0.0035921121603569
1138,-0.0073414367506642
1139,0.0090251320206487
1140,0.000787289731651
1141,-0.0008947428843122
1142,0.0040374125468
1143,0.0021012082942367
1144,-0.0037783553797668
1145,-0.001143363382962
1146,0.0018574245763407
1147,0.0050190236924628
1148,0.0084864367386163
1149,-0.0023618122992292
1150,-0.0067996554465667
1151,-0.0052368478926982
1152,0.0049171681667757
1153,-0.0016717723682479
1154,0.0054326039128803
1155,0.0042754998743605
1156,0.0036608640005436
1157,0.0032967025162203
1158,-0.0004202918652594
1159,-0.0013669292558471
1160,-0.0067228318283089
1161,-0.00375046393845
1162,0.0063607176819158
1163,-0.0074958693313979
1164,0.0080591564243046
1165,0.0035141105437466
1166,0.0021373845650399
1167,0.002342751269636
1168,-0.0005936650136499
1169,-0.0013289232874129
1170,0.006000313618881
1171,0.0078642681132869
1172,0.0004830943112012
1173,0.0053664471651814
1174,-0.00405685568431
1175,3.460450564010041e-05
1176,-0.0017235307287717
1177,-0.0026949667943234
1178,-0.0030146503839922
1179,-0.0019451839591514
1180,0.0017368226487011
1181,0.0032922863297287
1182,0.0002415933215763
1183,0.0058975170820261
1184,0.0001719879900275
1185,-0.0053086955663239
1186,0.0054114734450319
1187,0.0010647557748581
1188,0.0080718431838871
1189,-0.0009142726651914
1190,-0.0033276404691526
1191,-0.000928021823779
1192,-0.0029969233184588
1193,0.0027905270528645
1194,0.0001028512456062
1195,0.0034684337762409
1196,-0.0005831688374642
1197,0.0005487709640449
1198,-0.0078460545985489
1199,-0.0056128289425759
1200,0.0
1201,-0.0014603967074674
1202,-0.0321756290900631
1203,-0.0222726212454616
1204,0.013792696820962
1205,-0.0056323806324097
1206,0.0216299291783821
1207,0.0001783112867003
1208,-0.0145464853568841
1209,-0.0005426239713292
1210,-0.0044987468116845
1211,-0.0051037767390826
1212,-0.0307670606251304
1213,0.0177816539351741
1214,-0.0177440907346023
1215,-0.0055555499575635
1216,0.0147097726370414
1217,0.0106242240356674
1218,0.0105857906827936
1219,-0.0059409598802782
1220,0.0055017850139424
1221,0.0063079544940669
1222,0.0211828482855999
1223,-0.0018165771919272
1224,-0.0098159534428098
1225,-0.0188620839301825
1226,-0.001872753551603
1227,-0.0068601662993414
1228,0.0103822323295475
1229,0.0025975689612646
1230,-0.0170594720927546
1231,-0.0186793955970475
1232,0.003401627216011
1233,-0.0067008917112307
1234,0.0160150714936558
1235,0.0033590366432933
1236,0.0227643330729995
1237,-0.0021873636272506
1238,0.0060765696274118
1239,0.0131548077243329
1240,-0.0329392084996266
1241,-0.0015182917540165
1242,-0.0235101118634281
1243,0.0018951493595549
1244,0.0002273292404043
1245,0.0050226076049373
1246,-0.0003389186136853
1247,-0.0186377685858551
1248,-0.0198132205379237
1249,-0.0010970235629573
1250,-0.0150891078100512
1251,-0.0164116322021511
1252,-0.0207024035467893
1253,-0.02677840692489
1254,0.049289946541017
1255,0.0076479737758004
1256,-0.0012907640383408
1257,0.0087206888760274
1258,0.0010397193999842
1259,-0.0241520607443168
1260,0.0329468713965686
1261,0.0078537631501802
1262,0.0093514920678635
1263,0.004662656364316
1264,0.0035213181156025
1265,0.000386213025592
1266,-0.006119595558847
1267,0.0113955013398443
1268,0.0024170003491276
1269,0.0075581725217923
1270,0.0132220443181952
1271,-0.0136024107549207
1272,0.0020902916828056
1273,0.0005314510744979
1274,0.0084257051951686
1275,-0.0076291542737017
1276,-0.0013280019959646
1277,0.0157066070496799
1278,0.0087442663285311
1279,0.0004813624535351
1280,0.0070111771343454
1281,0.0041827720393072
1282,-0.0013187603327882
1283,-0.0095789456433871
1284,0.0012208568277108
1285,0.0005545109753009
1286,0.0127773290721988
1287,0.0032415770583682
1288,-0.0022205022068001
1289,0.0108381737713364
1290,0.0017291917602724
1291,0.0020133442359121
1292,-0.003562344905064
1293,0.0061809894774197
1294,0.0013603545190336
1295,-0.0007156015121025
1296,-0.000429789145041
1297,-0.0018643135859352
1298,0.0062244058806381
1299,-0.0036441832688255
1300,-0.0013609392896195
1301,-0.0060753638355863
1302,-0.0084005573294564
1303,-0.0020021580829879
1304,0.0143971792077733
1305,0.0037638160792346
1306,0.0065972289645854
1307,-0.0006397001469976
1308,0.0049286307561969
1309,0.0036191365075683
1310,0.0002480924577393
1311,-0.0030146577068021
1312,0.0112312674027503
1313,-0.0194338089741552
1314,-0.0007523182157253
1315,0.007426389759397
1316,-0.0052427691480402
1317,0.003783392298218
1318,0.0062859378464093
1319,0.0117892680850299
1320,0.0004896953150803
1321,0.0015721625462239
1322,0.0026498881544235
1323,0.0048285117573808
1324,0.0007618768894661
1325,-0.0051376830528236
1326,0.003405006105995
1327,-0.0002775446365965
1328,0.0067433021658221
1329,-0.0006551603662123
1330,0.0006551603662123
1331,-0.0024498759891012
1332,0.0019669042278535
1333,0.0008618952610114
1334,0.0089515780707444
1335,-0.0022219828063339
1336,-0.0006163915708577
1337,0.0046460586376119
1338,0.0015667033310659
1339,0.0005103138092357
1340,-0.0075447508236743
1341,-0.0021613330230989
1342,0.0097398657051371
1343,-0.0041234873792099
1344,-0.0168409302495815
1345,-0.001389996594404
1346,-0.0030304429969507
1347,0.0050109377959042
1348,-0.0254512551172507
1349,0.0090028350571962
1350,0.0058405203102242
1351,0.0092184894130507
1352,-0.0064860023175677
1353,-0.0066338761126726
1354,0.0089755209410295
1355,-0.0030766120858759
1356,-0.0122938513799695
1357,0.0022659911364358
1358,-0.009344356660463
1359,-0.006733012419505
1360,0.0027276947228093
1361,-0.0135672441682159
1362,-0.0025462676608581
1363,0.021474545257793
1364,0.008624635101598
1365,0.0064816972907704
1366,0.0099575611500401
1367,0.0045783059741017
1368,-0.0002423927083584
1369,-0.0017666918540883
1370,0.0041178640345067
1371,-0.0011059240196904
1372,0.0003802190836377
1373,0.0104169877093419
1374,0.0022542393948991
1375,0.0095090399906638
1376,-0.0014546023912551
1377,-0.0012250650309601
1378,-0.0098564297164668
1379,-0.0009981720676324
1380,0.0035395408125685
1381,0.0051330980409903
1382,0.0090372234852494
1383,0.0026012737791461
1384,0.0079629856050537
1385,-0.0011385706141401
1386,-0.0055096035318908
1387,0.0012456615994844
1388,0.0047664553546946
1389,0.0023416546472039
1390,0.0044671058537081
1391,0.0003324104771101
1392,-0.0032302760306307
1393,-0.0068284746867155
1394,0.0036542254528726
1395,-0.0055701896007509
1396,0.0024530996638914
1397,0.0071246243933097
1398,0.0046888767908912
1399,-0.0047889509164285
1400,0.0066779117688228
1401,-0.0018230456744973
1402,-0.0024577474872112
1403,-0.0110004816259624
1404,-0.0087460984753789
1405,-0.0075579100174443
1406,-0.0305345319101116
1407,0.0139253617690631
1408,0.0005902412300571
1409,0.0194303739809147
1410,-0.0068349138202889
1411,-0.0122479483944623
1412,0.0154321726873325
1413,-0.0300137486665978
1414,0.0026381326366364
1415,0.0146477334593344
1416,0.0119751878172951
1417,-0.0076917798927188
1418,0.0081026303756589
1419,-0.0003078057881327
1420,-0.0260236692505568
1421,0.0109981228728597
1422,-0.0039313587849201
1423,0.007016826019712
1424,0.0126925814554062
1425,-0.0004446965243684
1426,-0.0058649199561993
1427,0.0112868386536921
1428,0.0127733466895736
1429,0.0007722151452504
1430,0.0005029788633883
1431,-0.0002346543958034
1432,0.0070858898533648
1433,0.0034575872328145
1434,-0.0006640744306542
1435,-0.0030932091099073
1436,0.0025284715275296
1437,0.0005981248545831
1438,-6.666399045414385e-05
1439,-0.0047358992897369
1440,-0.0002347474483959
1441,-0.007877617035033
1442,0.0058973527459328
1443,-0.0020856025057833
1444,-0.0054015681354053
1445,0.0046271404855045
1446,-0.0119659127560028
1447,-0.0178227156608651
1448,0.0081591338374336
1449,0.0134414639696326
1450,-0.0043237872154306
1451,-0.0156466320016323
1452,0.0094515438795186
1453,0.0067409931913433
1454,0.0103136005486615
1455,-0.001114481393036
1456,0.0098515392360664
1457,-0.0016073275977271
1458,0.0029446288334938
1459,-0.0043867306257046
1460,0.0067563766898905
1461,-0.0032721365997593
1462,0.0029053741545544
1463,0.0016326044508959
1464,0.0040864771667473
1465,0.0056209084391399
1466,-0.0002967530176447
1467,0.0030627230358089
1468,-0.0026671086887518
1469,0.0092210642804182
1470,0.0040101561602824
1471,-0.0011068397720222
1472,0.0002277866353153
1473,0.003510499683841
1474,0.0024630371329523
1475,-0.0019114205572885
1476,0.0021056326792371
1477,0.0003235669844369
1478,0.0014548653315957
1479,0.0072105448989056
1480,0.0007372416413946
1481,-0.0002888876071915
1482,-0.0037255688622842
1483,-0.0016098528996478
1484,0.0022215574028
1485,0.0077201005879866
1486,0.0022632200922981
1487,0.0044473783436847
1488,-0.0037156165151536
1489,-0.0085308803808877
1490,-0.0067292367019047
1491,0.0061512104793421
1492,0.001796576060958
1493,0.0090924179849965
1494,-0.0031490352203138
1495,-0.0011154662196163
1496,0.0028343413088415
1497,0.0085819942638685
1498,0.000599018652793
1499,0.0068464971233325
1500,0.0002191066678044
1501,6.272772509375228e-05
1502,0.0040904733629889
1503,0.0043745602255828
1504,0.0015265550922014
1505,3.130977497646908e-05
1506,0.0053090823087453
1507,-0.0002474255099658
1508,-0.00552891706523
1509,0.0024264207577958
1510,0.0093084897219579
1511,-0.0076010341813282
1512,0.0038079962911425
1513,-0.002815939426427
1514,0.0053154706720607
1515,0.0067575877185394
1516,-0.0028817697262974
1517,0.0068539087585189
1518,-0.0015258165604681
1519,0.0022573093244984
1520,0.008283965622346
1521,0.0031073776606088
1522,-0.0019597640677696
1523,0.0001206190533127
1524,0.0011462603022577
1525,-0.0089330422669753
1526,-0.0161589598353246
1527,0.0104245185559805
1528,-0.0008265725911341
1529,0.0032402050406068
1530,-0.0183247358827522
1531,0.0074014952395868
1532,0.0151256408414334
1533,0.0114819691483169
1534,0.0033595608868304
1535,-0.0053440363650821
1536,0.0074374602190171
1537,0.0017316092227162
1538,0.0064221762275878
1539,-0.0010677990122006
1540,0.0016011232803155
1541,-0.0025804554189313
1542,0.0047697757686025
1543,-0.0041165505038298
1544,-0.0103514507729785
1545,-0.0337279431947429
1546,-0.0307708258876622
1547,-0.0036849615008372
1548,-0.0459516882496958
1549,-0.0042102510361863
1550,0.0423951012634325
1551,-0.0290505094986361
1552,0.0411737873717452
1553,-0.0338068846544516
1554,-0.0166695016719644
1555,-0.0813121381047239
1556,0.0504501954940657
1557,-0.0499768069851543
1558,-0.1005685310888904
1559,0.0820279941403501
1560,-0.1158864901437388
1561,0.052584963050104
1562,-0.0519597828427896
1563,0.0021228185093502
1564,-0.0440503900215528
1565,-0.0259008467686716
1566,0.0867310673233413
1567,0.014859312022039
1568,0.05674879423263
1569,-0.0302384147295065
1570,0.031959523971438
1571,-0.0150174860480835
1572,-0.0460490785700543
1573,0.0228132118704794
1574,-0.0145596818938863
1575,0.065006845280854
1576,0.0010188158199432
1577,0.0330175214123302
1578,0.015102503003267
1579,-0.009171927550759
1580,0.0290662713790214
1581,-0.0214773413092318
1582,0.0048127907360146
1583,0.0266570588100577
1584,-0.0177750724993756
1585,-0.0308338179012167
1586,0.0219518315905345
1587,-7.188932747900667e-05
1588,0.0138425928310597
1589,0.0143156265182918
1590,-0.004608848352313
1591,0.0258414576080128
1592,-0.0093544822750687
1593,-0.0268300992549806
1594,0.0027546563230419
1595,0.0091968729618474
1596,-0.0068018281509777
1597,0.0119944332015601
1598,0.0164107816945871
1599,0.0002054619025674
1600,-0.0201329197111232
1601,-0.0178443223279577
1602,0.011896476951724
1603,0.0045864177335588
1604,0.0300048202330572
1605,-0.0103241837192377
1606,0.0168455096860936
1607,-0.0069282472259119
1608,0.0018970278378867
1609,0.0122455023991172
1610,0.0147695055349461
1611,-0.0018466375088386
1612,0.0044461675106324
1613,0.0040334475662908
1614,0.0082460543461099
1615,0.013220427167321
1616,-0.0026300124189549
1617,0.0253063929378341
1618,0.0120152370450122
1619,-0.0074847703461341
1620,-0.0055953823547006
1621,-0.0593776787475487
1622,0.0119043700694975
1623,0.00929253713533
1624,0.0190647391345284
1625,-0.0041624141341282
1626,0.0003850164805405
1627,-0.0057311666053425
1628,0.0063945340809384
1629,0.0045931582231823
1630,-0.0258395471206702
1631,0.0106631032083551
1632,-0.0240381213454811
1633,0.0145906284283723
1634,0.0127282345827261
1635,0.0069804161896866
1636,0.0054915661748694
1637,0.0153196304336294
1638,-0.010367428801744
1639,0.0076195150495253
1640,-0.0057089768310811
1641,0.0101588595185264
1642,-0.0086970422087231
1643,0.012876080915319
1644,0.0091450979488236
1645,-0.0032987827117147
1646,0.0028947651904617
1647,0.0080491937166737
1648,0.0021253242168571
1649,0.0056757679520512
1650,-0.0120032818624365
1651,-0.0064612840155306
1652,0.0072658512581984
1653,-0.0063622582957135
1654,0.0122233902361048
1655,-0.0035742142767822
1656,0.0078709073395465
1657,0.0069284772815911
1658,0.0038549227711239
1659,0.0061920214160204
1660,0.0066620053157417
1661,0.0007178078695327
1662,0.0029842682415178
1663,-0.0082887555305501
1664,0.013845897604822
1665,-0.0018095119417871
1666,2.994562227525542e-05
1667,0.0031716000905485
1668,0.0021580157444221
1669,-0.0041723078563859
1670,0.0031085961857366
1671,0.0035410552496408
1672,0.0100822576212717
1673,0.0034932250482018
1674,0.0099756266201692
1675,0.0021843145180047
1676,0.0064386204024385
1677,-0.0036292548468881
1678,0.0093744581445507
1679,0.0143604601955782
1680,-0.0350204302351957
1681,-0.0081981960192288
1682,-0.0277033690916104
1683,0.0195550872963996
1684,-0.0175164191093914
1685,0.000509487010318
1686,0.0130850744663736
1687,0.0050396660033328
1688,-0.0039766170614283
1689,-0.0088338516909309
1690,-0.011579750964852
1691,-0.0111917282803039
1692,0.0101326874556423
1693,-0.0234641076514875
1694,0.0026619474528871
1695,0.0160375291906481
1696,0.0164731037588122
1697,-0.0054611690274309
1698,0.0075535142146101
1699,0.0063995574575887
1700,-0.0095398175930845
1701,0.0175774311009345
1702,-0.014317768518664
1703,0.0172571511110996
1704,0.0088229132056849
1705,0.0088907746355276
1706,0.0159594787720481
1707,-0.006547401407902
1708,-0.0063033643611168
1709,-0.0012363546057864
1710,-0.0006046648783407
1711,-0.0153201015362966
1712,0.0039976433575969
1713,-0.0018947494575996
1714,0.0054704123289846
1715,0.0033894647560137
1716,-0.0186528782992038
1717,-0.0034534887508284
1718,-0.0347765850156828
1719,0.0101122103283748
1720,-0.0104793308131566
1721,0.0111457331980367
1722,0.0175020095439062
1723,0.0221030181295739
1724,0.019315106853682
1725,-0.0002282847430345
1726,0.0124871489609275
1727,-0.0014677457479575
1728,0.0074011421487417
1729,-0.009748039312435
1730,0.0137494794245389
1731,0.0124053105748039
1732,-0.0053928119207938
1733,-0.0121078241559409
1734,0.0042011980833311
1735,-0.0068712566270156
1736,0.0059766045711321
1737,0.0159852505680133
1738,-0.0015428953855008
1739,0.00278093481283
1740,-0.0044369290768573
1741,0.0108782182180057
1742,0.0021014192128409
1743,-0.0002726877865302
1744,0.008580776773101
1745,-0.0020570614336323
1746,0.0029217555071678
1747,-0.0090093492674338
1748,-0.0003270733516653
1749,-0.0011732954389988
1750,-0.0044872898051564
1751,0.0134290045666479
1752,0.0015680032966065
1753,0.005576473090588
1754,-0.0040008293632217
1755,-0.0035819557847214
1756,-0.0016867875747049
1757,0.0008981834058176
1758,0.0038829508613447
1759,0.0085541434341622
1760,-0.0019096764045584
1761,0.0014256342132345
1762,0.0050682155239991
1763,-0.0137073617380292
1764,0.0068636969221176
1765,0.0059603843932511
1766,0.0147484835520051
1767,0.0056812410469755
1768,-0.0067634089394992
1769,0.0002112277436978
1770,0.0026890563607972
1771,-0.003507974484879
1772,-0.0073194083363188
1773,0.0078211659233204
1774,0.0137439371599201
1775,0.0009112315206524
1776,-0.0035457430274819
1777,0.0039361139788371
1778,-0.0015623137929335
1779,-0.0247438280797287
1780,0.0085631791844354
1781,-0.0202225803381761
1782,0.01650839385174
1783,0.0140412496474793
1784,0.0007860907739191
1785,0.0113018197413912
1786,0.0039279080778686
1787,0.007195870795343
1788,-0.0006658570160896
1789,-0.0004357142644776
1790,0.0016137892810295
1791,0.0049275531337491
1792,-0.0008666439358275
1793,0.0002298121150261
1794,-0.0042652009709539
1795,-0.0017676301418725
1796,-0.0077214963893822
1797,0.0012138562416324
1798,0.0109588820661169
1799,-0.0243907268182599
1800,-0.0051661385984232
1801,0.0239513399222383
1802,-0.0078338812158308
1803,-0.0133341955654607
1804,-0.0124520076147779
1805,0.0182295242349221
1806,-0.0049914151275085
1807,0.01417673511701
1808,0.0062052401716458
1809,0.0100879677353621
1810,0.001345901368762
1811,0.0059458343358484
1812,-0.0012620276679522
1813,0.0034040648319038
1814,-0.0146565889172712
1815,-0.0018521231105796
1816,0.0079533177512426
1817,-0.0079019490299802
1818,-0.0050963291958893
1819,0.0056098713296733
1820,0.0159864289217143
1821,-0.0005053133113779
1822,-0.0026564524376015
1823,0.0040451006648922
1824,0.0107414266474277
1825,0.0142509238476074
1826,-0.0005908479385005
1827,0.0011567431368113
1828,0.0047353673434523
1829,0.0072441353542369
1830,0.000364284292881
1831,0.002959389781617
1832,-0.0034209234457996
1833,0.0106850128124757
1834,0.0033371466246611
1835,-0.0049253397064211
1836,-0.0073484088662277
1837,0.0094175102919677
1838,-0.0091750663387509
1839,0.0107842190481635
1840,0.0020852336340574
1841,-0.000215461161267
1842,-0.0002875619636225
1843,0.0063525663246432
1844,-0.0065920302171194
1845,0.0021543601855191
1846,-0.0061884914910921
1847,0.0003127773082439
1848,0.0079541423689781
1849,0.0072514745085046
1850,-0.0099516547529831
1851,-0.0089650645270837
1852,-0.0214739239025488
1853,0.0119408560905973
1854,0.0152386255212871
1855,-0.0025478006138212
1856,-0.0086530212809634
1857,-0.002625151886611
1858,0.0107001970984258
1859,-0.0008188219760002
1860,0.01014273827643
1861,-0.002221200948831
1862,0.0019827483935979
1863,0.0005244895005645
1864,0.0017871984405487
1865,-0.0008811259454338
1866,0.0015713278514546
1867,-0.0037182113627527
1868,0.0091042364081732
1869,-0.0009706386826588
1870,0.0002131552777121
1871,-0.0014930419648325
1872,0.0046373931297903
1873,0.0016512661675873
1874,0.0022365860053844
1875,-0.0018357867664209
1876,-0.0055992271745863
1877,-0.0003315393640706
1878,-0.0135821660483927
1879,0.0142141886307916
1880,0.0053319831158139
1881,-0.0012059910505796
1882,0.0058984191883992
1883,0.0035457359962417
1884,0.0020138398735879
1885,0.0005380255958177
1886,0.0008414374524533
1887,0.0055210863139215
1888,0.0076144609052995
1889,-0.0018229550486081
1890,0.0035279206198998
1891,-0.0081816381855388
1892,0.0106182484850985
1893,0.0035754937696228
1894,-0.0034145713422373
1895,0.0014911404426891
1896,-0.0034214554456766
1897,-0.0078747671929697
1898,-0.0148779713134365
1899,0.0142289103181247
1900,0.0080635194923654
1901,0.0020920987700232
1902,0.0102354437387754
1903,0.0024515892224885
1904,-0.0045679342560846
1905,-0.0004100995847629
1906,0.0041387786973449
1907,-0.0048680790936905
1908,-0.0021001701386408
1909,0.0081024872610869
1910,-0.0049312060683367
1911,0.006312770419099
1912,0.0016512805360742
1913,-0.0008139863340662
1914,0.0012432193151275
1915,0.002481811432979
1916,0.0029924242027864
1917,0.0018180574558656
1918,0.0023521930091795
1919,-0.0065769024048335
1920,-0.011005498967687
1921,0.0015473392629726
1922,0.0079253976001263
1923,0.0087580686632708
1924,0.0015861848252704
1925,0.002096343748674
1926,-0.0059208871534773
1927,0.0089013111564066
1928,0.0043880095970087
1929,-0.0014825409597453
1930,0.0005312563359049
1931,0.0030716197357028
1932,-0.0002426987539806
1933,-0.0035818092974463
1934,-0.0012189543159011
1935,-0.0042895452397304
1936,-0.0079156310334081
1937,0.0025558406012869
1938,-0.0054112676684387
1939,0.0083180257386986
1940,-0.0015865038184311
1941,-0.0097887450823729
1942,-0.0168147191597976
1943,-0.0009452223285758
1944,0.0097076941959782
1945,0.0120767233856249
1946,0.0016459200488101
1947,-0.0028650431943883
1948,-0.0203576062548191
1949,0.0016816403110735
1950,-0.0122976611771905
1951,0.0118140513874877
1952,-0.0129799508402817
1953,0.0103512672932475
1954,0.0041476004524894
1955,0.0086085408657151
1956,-0.0018254822777688
1957,-0.0072661678311847
1958,-0.0024645225324982
1959,0.0035911418038096
1960,0.0166806853226944
1961,0.0075870788878227
1962,0.0029562512541556
1963,0.0076851302018197
1964,0.0039199355851315
1965,0.0026049938546497
1966,-0.0010369248995788
1967,0.0053485386135716
1968,0.0008996899003403
1969,-0.0044399493228173
1970,0.0096025497635666
1971,0.0020270758554111
1972,0.0017187867748696
1973,0.0040349389379354
1974,0.0060865591059415
1975,0.0047015608747344
1976,0.0034635072994002
1977,0.0008533733542588
1978,-0.0033108428175802
1979,-0.0080774835135018
1980,0.0003236905780962
1981,0.0075184530356472
1982,0.0003422879785076
1983,0.0039499563825276
1984,-0.0024320288106691
1985,0.0033906011637182
1986,-0.0017899040447954
1987,-0.0028191062691461
1988,0.001324976149761
1989,0.0026664219375858
1990,-0.0225555204658709
1991,0.0121919072673393
1992,-0.0196494698245729
1993,-0.0111693471547385
1994,0.015200214061686
1995,-0.0087394518235474
1996,0.0117739394062036
1997,0.0204735963711826
1998,0.0026445341628407
1999,-0.006774473166479
2000,0.0093694606705596
2001,-0.008897908009123
2002,-0.0069035313750285
2003,0.0155040758164123
2004,-0.0088576706291245
2005,-0.0106998932380311
2006,-0.0106903156423601
2007,0.0176031182974628
2008,0.0099489125773731
2009,0.0062029285853007
2010,0.0140529654570952
2011,-0.0008176748323348
2012,0.0012785944034077
2013,-0.0027685062592754
2014,-0.0025233379626122
2015,0.0057731499619497
2016,-0.000334829170173
2017,-0.0193889833343018
2018,-0.0009397676646445
2019,-0.0039613760289224
2020,-0.0012452657845117
2021,0.0090671592176886
2022,0.0026999329604307
2023,-0.0138743926276281
2024,0.0004089861748164
2025,-0.0178685500475986
2026,-0.0104376874857008
2027,-0.0111298161964816
2028,-0.0198259127847677
2029,0.0042378250575588
2030,-0.0122842076212494
2031,-0.0025117689814176
2032,-0.0049502958682378
2033,0.0245320510646229
2034,0.0178508613254989
2035,0.0067341452785322
2036,0.0096673652537189
2037,-0.0237859219387019
2038,0.0046912916841954
2039,-0.0032142820258321
2040,0.0081940770701661
2041,0.0145300291708506
2042,-0.018128968977932
2043,-0.0199158707104646
2044,-0.0032745863939441
2045,0.0159981810540421
2046,0.0011201291289183
2047,-0.0215927256888661
2048,-0.0064962593313534
2049,-0.0107895024062798
2050,-0.017897986173569
2051,0.0149372211140744
2052,0.0218240005063653
2053,-0.0025618613604823
2054,-0.0153474100565842
2055,0.0182290799473321
2056,-0.0049909240195467
2057,-0.0081579714906271
2058,-0.0299223398725407
2059,-0.0076105345351801
2060,0.02645769106242
2061,-0.0045257918408707
2062,-0.0127965218278901
2063,-0.0073350356021949
2064,0.0217519294791154
2065,0.0219320405294876
2066,0.0124332459489614
2067,0.0108932070618712
2068,-0.0002924219005256
2069,0.0116335484692436
2070,-0.0129621377027528
2071,0.0149619632068005
2072,0.0048717705224637
2073,0.0070877277135607
2074,0.0122948365719518
2075,-0.0061937993339652
2076,-0.0155110842676751
2077,0.0028301788617616
2078,0.0085301020359817
2079,-0.0127118820116079
2080,-0.0100495399318171
2081,0.0050262855984328
2082,-0.0026775845126066
2083,-0.0172400449261359
2084,-0.0037121551975935
2085,0.0113885269198564
2086,-0.0125299687494213
2087,0.0004111014789941
2088,0.016013916281304
2089,-0.0007420402716577
2090,-0.0150664987596644
2091,-0.0278225003056832
2092,0.0057809348672809
2093,-0.0293886900942707
2094,0.0028078900517094
2095,0.0249457862634181
2096,-0.037655948639053
2097,0.0060014042410335
2098,0.0045735716439638
2099,0.0299984033679034
2100,-0.036189629492776
2101,-0.0059869105483603
2102,-0.0325411541050551
2103,0.0023080020976119
2104,-0.0160138076678267
2105,-0.0010442374552439
2106,0.0236264637086102
2107,-0.0040657058206605
2108,0.0203614480994569
2109,-0.0411466095410586
2110,-0.0061434505471106
2111,0.0004363512796883
2112,0.0185374250845811
2113,-0.0076631226919694
2114,0.0087960902711606
2115,0.0197843779364951
2116,0.0242526872330434
2117,-0.0056267600480776
2118,-0.0081215154860715
2119,0.0188644553814716
2120,-0.0165477930075289
2121,0.0030404395944705
2122,0.0095463892594912
2123,-0.0109318190080143
2124,-0.0240701490615476
2125,-0.0294243794770344
2126,-0.038707740948587
2127,-0.0030179546621358
2128,0.0141557711327156
2129,-0.033656067210845
2130,0.0021533913751063
2131,0.0248619323248197
2132,-0.0018147248733538
2133,0.0097549458731345
2134,0.0312989836767395
2135,-0.0038272516432604
2136,-0.0206444623704094
2137,-0.000814542155045
2138,-0.0081575892921074
2139,0.0105209432347802
2140,0.0018868710746276
2141,0.0033716126055528
2142,0.014866115858529
2143,-0.0008228602239052
2144,-0.011489438176798
2145,-0.0088881615823159
2146,-0.0052655274586334
2147,-0.0024314522302757
2148,0.0189248459009099
2149,-0.0082912097362847
2150,0.0266605554985315
2151,0.0063528398904731
2152,0.0101319296070137
2153,-0.0093215357634967
2154,0.0012142797533226
2155,-0.0119017379235607
2156,0.0256349960505657
2157,0.0124642889494169
2158,0.0144736135030927
2159,-0.0029655276958565
2160,-0.0066193200127112
2161,0.0155379439628739
2162,-0.0006755584531873
2163,-0.0016916700140069
2164,-0.0011613704700398
2165,-0.0039788333152505
2166,0.0207861687493407
2167,0.0
2168,0.016787402500737
2169,0.0041121516349801
2170,0.001957045160632
2171,-0.0071234506774932
2172,0.0029022346771232
2173,-0.0135291163473375
2174,-0.021042409369164
2175,-0.0024221504852694
2176,0.0031960538501039
2177,0.014018755573168
2178,-0.034435146822844
2179,-0.0066341812226898
2180,-0.0110385154448238
2181,-0.0076382069633674
2182,0.0031329913929309
2183,-0.0106002986163541
2184,-0.0037803195674999
2185,0.0178054494695123
2186,0.0065150976712098
2187,0.0154156646749812
2188,0.0106903372358958
2189,-0.0444562396223814
2190,0.0038086642003315
2191,-0.0114182361039478
2192,-0.0076581609168669
2193,0.0077248960725982
2194,-0.0115448603798893
2195,-0.0175976043945255
2196,-0.0084353092223799
2197,-0.0168970280181522
2198,-0.0099418780724157
2199,-0.00255586589423
2200,0.0194852462594185
2201,-0.0211103589908179
2202,-0.0155843697088152
2203,0.0260588123749907
2204,0.0305162099334727
2205,-0.0023307566465651
2206,-0.0103696703804699
2207,-0.0282902255726132
2208,-0.0076645971472147
2209,-0.006353133413078
2210,-0.0033037925580562
2211,0.0260487198507181
2212,-0.0230523691992188
2213,0.0253724843602683
2214,0.0116808799185651
2215,-0.0071116929480006
2216,-0.0084205088172512
2217,0.0240107766858876
2218,0.0121622572028094
2219,0.0158424402229398
2220,-0.0075626565886131
2221,-0.0053541161931164
2222,0.0235120474700831
2223,-0.0072496678775788
2224,-0.004385414939136
2225,-0.0254164677459138
2226,-0.0103501645951438
2227,0.0142905077816256
2228,0.009519923476604
2229,0.0053809224288171
2230,-0.0208171131396041
2231,0.0534971624512133
2232,0.0096321717476724
2233,-0.0085431040413981
2234,0.0084929234613281
2235,-0.0076580885210679
2236,-0.0030646365679282
2237,0.004530264689753
2238,-0.0036428069954803
2239,0.0133673620830869
2240,0.0062818823834154
2241,-0.0002238361224569
2242,-0.0160857696773681
2243,-0.001719019668854
2244,0.0310146971331695
2245,-0.0007360303365465
2246,-0.0011544004461399
2247,-0.0181530993524156
2248,-0.0145197239670527
2249,-0.0017027156375284
2250,0.0078033816726652
2251,-0.0074981742089104
2252,0.0143143901685844
2253,0.007541491229404
2254,-0.006414217402198
2255,-0.024766093549234
2256,-0.0118761625680561
2257,-0.0085159095592676
2258,0.0013675518061473
2259,0.0148417624286249
2260,-0.0143688433741261
2261,0.0057356741357661
2262,-0.0039511899559189
2263,-0.0125055968624309
2264,0.0178400222857059
2265,-0.0026374642355531
2266,-0.0042188091673041
2267,0.0076905917494364
2268,-0.0114791405678824
2269,0.022673239424561
2270,-0.0005674041763721
2271,0.0069886439667837
2272,0.0125685578386056
2273,0.0036341498760617
2274,0.0038720528441364
2275,-0.0018336225392186
2276,-0.015913967879091
2277,-0.0073065545846866
2278,0.0184576785649612
2279,0.011927171110117
2280,-0.0010739288592814
2281,0.0003749159467223
2282,0.0109303117308463
2283,0.0022951704534507
2284,-0.0126263209920165
2285,0.0145962208774079
2286,0.0105719394480764
2287,0.0144519120882964
2288,-0.0106859682306753
2289,-0.0061300765446553
2290,0.0129937105244786
2291,-0.0109949548633293
2292,-0.0087069385689124
2293,0.0023308549498826
2294,0.0116706797355806
2295,-0.0004602852880816
2296,0.0032420205319141
2297,-0.013864308991538
2298,-0.0025015113195945
2299,-0.020264710827837
2300,-0.0013791407597051
2301,0.0053055289191636
2302,-0.0107401888119572
2303,0.0034002517662105
2304,-0.0037028892889561
2305,-0.0038433947745148
2306,0.0077474133251362
2307,0.0159104817511305
2308,0.0006924528066724
2309,-0.0154473851125952
2310,0.0016306341990359
2311,-0.0186220767843546
2312,-0.0145345058259279
2313,-0.0014262762803271
2314,0.016394947069008
2315,-0.0062740357734992
2316,0.0173931192844301
2317,-0.0117615621694
2318,0.0095697676763231
2319,0.0130447941399389
2320,-0.0171933432240104
2321,0.0026995876559881
2322,0.0065406983260061
2323,0.0018680393352258
2324,-0.0022470709164831
2325,0.0144301851122043
2326,0.0058382771390097
2327,0.013996228331177
2328,0.0038031842533305
2329,-0.0055633190111617
2330,-0.0026218156245684
2331,0.003893205925474
2332,0.0010258173669389
2333,0.0002687370890068
2334,-0.0040843870400686
2335,0.0131952632769844
2336,-0.0024457943455167
2337,0.0035818765090251
2338,0.0006519703697474
2339,-0.000169062082305
2340,-0.0054718949776505
2341,0.0007766952527216
2342,0.0010424741243905
2343,-0.016001188165714
2344,-0.0042444107621474
2345,0.0197123811954559
2346,0.0084988446649928
2347,-0.0010102223192106
2348,-0.0113027962066765
2349,-0.0068877705780476
2350,-0.0071080506134622
2351,0.0183432127848099
2352,0.0002665405966378
2353,-0.0043949471565932
2354,0.004661416728272
2355,-0.0017453708106101
2356,-0.0013111070072381
2357,0.0034439501729746
2358,-0.0067049741326557
2359,0.0120658980364833
2360,0.0095870482117656
2361,-0.0014561410372982
2362,0.0004059214430826
2363,-0.0112862528434366
2364,-0.0072708755717165
2365,0.0086224306265188
2366,0.0128674023584558
2367,0.0003810097874363
2368,-0.005560661323444
2369,0.0094561462869775
2370,0.0143577534610759
2371,-0.0019181917226002
2372,0.0021750619494945
2373,-0.0034638371258637
2374,0.0060305382662294
2375,0.0017926760022875
2376,0.0090307601919566
2377,0.0065713917191606
2378,0.0011900873028904
2379,0.012321508104601
2380,-0.0034119254248672
2381,-0.0052016893288783
2382,-0.0051369505793338
2383,0.0036032541348287
2384,-0.0075888917963186
2385,-0.0040939695903333
2386,0.0109035354929576
2387,0.0005043347945182
2388,0.0039335642771906
2389,0.011731729778611
2390,0.0011497415094369
2391,-0.0014884369310087
2392,-0.0078613848863226
2393,-0.0025278408950299
2394,0.0025278408950299
2395,0.0063484393303605
2396,0.0080137560380391
2397,0.0079054698790056
2398,-0.0006230817450703
2399,0.0034662222943861
2400,0.0074033138457207
2401,0.0022211470112488
2402,-0.0066566246827044
2403,0.0
2404,0.0044575387583285
2405,0.0027261366628558
2406,0.0001537169374117
2407,-0.0066520098733428
2408,0.009742706053792
2409,0.0019022649958251
2410,-0.0028656279249203
2411,-0.0140084417648974
2412,-0.0028701655706379
2413,-0.0045330350613722
2414,0.0086907396411021
2415,-0.004358222148823
2416,-0.0067075965786288
2417,0.0003588228458322
2418,-0.0005831436867974
2419,0.0055046664555542
2420,-0.0117171605991673
2421,-0.0073651979854371
2422,-0.0076489796458701
2423,0.0004811687236127
2424,0.0064851242995792
2425,-0.0027123316901982
2426,0.0110762649909374
2427,-0.0139560002013357
2428,0.0070249417234311
2429,0.0063214922826102
2430,0.0143511660749615
2431,0.0041103855830216
2432,-0.0014645218300002
2433,0.0018635776105177
2434,-0.00433141098511
2435,-0.0067449541280445
2436,-0.0030751070499041
2437,0.0015050355059787
2438,0.0065551461158057
2439,-0.0055006924361693
2440,0.0011652709107968
2441,0.0085853136888886
2442,-0.0121213955149744
2443,0.0005862052898732
2444,-0.0020759191356964
2445,-0.009235911176221
2446,-0.0166664365179409
2447,-0.0022510111798726
2448,0.0041964121693065
2449,-0.0148003056091623
2450,0.0003991512689226
2451,0.0057806685368104
2452,-0.002429886332478
2453,-0.0003978157726137
2454,-0.013476497424165
2455,0.0072554637645244
2456,-0.0003767145771265
2457,0.0118028838792993
2458,0.0063817921348414
2459,0.005191355295026
2460,0.0040879133748419
2461,-0.0061152738423517
2462,-0.0049932017243624
2463,0.0104665776057264
2464,-4.594278079509208e-05
2465,-0.0134147292226448
2466,-0.0088251776640908
2467,-0.012364234787444
2468,-0.0017345166395562
2469,0.0075109865183838
2470,-0.0144560596718829
2471,-0.0120470551432009
2472,-0.0045430560102627
2473,0.0118848433343934
2474,0.0062607247132135
2475,0.0106083106084829
2476,0.0189828932147114
2477,0.0090821128557418
2478,0.0022978222511091
2479,0.0028419488655837
2480,0.0007322243499545
2481,-0.0078293188491185
2482,0.0154843725285877
2483,-0.0009538703999313
2484,0.0192150638850126
2485,0.0021149920629568
2486,0.0012222331246909
2487,0.0012429605915231
2488,0.0076682056917259
2489,-0.0021818941818715
2490,0.003853425976781
2491,0.0006150621712962
2492,-0.0018024511872893
2493,0.0009896692521613
2494,-0.0007037578076736
2495,0.0039297402152126
2496,0.0058985319442314
2497,-0.0052633277610621
2498,-0.0001969966779941
2499,-0.0040378593324275
2500,0.0076013103388946
2501,0.0042899183531904
2502,0.0038820984304044
2503,0.004556798309584
2504,0.0136960143402396
2505,0.0032040782446715
2506,-0.0016478296718406
2507,0.0056093083773091
2508,0.0060624564262715
2509,-0.0139541529532187
2510,0.0094372390866163
2511,0.0020076743523858
2512,0.0042135740489057
2513,0.0018065093488801
2514,0.0003776130927993
2515,-0.0028990352031195
2516,-0.0056121910589141
2517,-0.0082002449952911
2518,-0.0032261906372275
2519,0.001368652054133
2520,0.0141750309120912
2521,-0.0015182989557542
2522,0.0056395315197452
2523,-0.0004406060876035
2524,0.000692359463926
2525,-0.0036779426601839
2526,-0.0055741184576075
2527,0.0088533731083804
2528,0.0123891462136692
2529,0.0021121271216669
2530,0.0029122118856069
2531,0.0010925623153185
2532,0.0054242165308954
2533,-0.0012712188342654
2534,0.0078880841255145
2535,-0.0007737128558855
2536,-0.0164519185849245
2537,0.0130032487157299
2538,0.0104723626163251
2539,-0.0036478238959453
2540,0.0028991916967436
2541,0.008305689041971
2542,0.0004416407540233
2543,0.005762835164736
2544,-0.0004391024133377
2545,-0.0138687563574245
2546,0.0090464974999128
2547,0.0068760682952522
2548,-0.0049923153920155
2549,-0.005520663692611
2550,0.0009054683541452
2551,0.0204842823915753
2552,0.0006892253910112
2553,-0.0036691536398253
2554,0.0018560311767372
2555,-0.0013224993705138
2556,0.0035884815804112
2557,0.0093444539384664
2558,-0.0010729153263314
2559,-0.0100445004666615
2560,0.0050544317983417
2561,0.0098775491378611
2562,-0.0060202135498699
2563,-0.0008603317552008
2564,0.0107001002513421
2565,-0.0015689450631255
2566,-0.001978692593401
2567,-0.0068902250983658
2568,0.0059255169467757
2569,0.0055417500856824
2570,0.0092068398242305
2571,0.0032992437331837
2572,-0.0018976205192346
2573,-0.002766706647007
2574,-0.0018487528918777
2575,0.0083689106572043
2576,-0.0001911795665856
2577,-0.0017414276928143
2578,-0.0063782584141275
2579,0.0010978335481935
2580,-0.0122811949274188
2581,0.0103927347206125
2582,0.0005592679080764
2583,0.0011560187324343
2584,-0.0100636494167716
2585,0.0075185335396609
2586,-0.0138992142312616
2587,-0.0126072315530907
2588,-0.0018255145900239
2589,-0.005935863593386
2590,-0.0020597854851762
2591,-0.0087666944164183
2592,0.0091670381333148
2593,0.0117967491055002
2594,-0.0004747837885066
2595,-0.0038061596422933
2596,0.0094294302250027
2597,0.003535158146832
2598,-0.0159681599263755
2599,-0.0032523475265821
2600,0.0093100050089357
2601,0.0123191104694593
2602,0.0102738208479766
2603,0.0011028361991745
2604,9.663020114840044e-05
2605,0.005745431327911
2606,0.001287302592228
2607,0.0001341870392178
2608,0.0045775937063617
2609,0.0123070380489186
2610,-0.0020597099101523
2611,0.0014366955862184
2612,0.0011515421920201
2613,0.0024494389107745
2614,-0.0028834654442681
2615,-0.0073311920572241
2616,0.0065947161738922
2617,0.0006986999579951
2618,-0.0070271979492254
2619,-0.0066559900645978
2620,0.0090670954512788
2621,0.0008148550106539
2622,0.0011174988177115
2623,0.0118150540132904
2624,-1.889172951619885e-05
2625,-0.0012162353436491
2626,0.0030846710020289
2627,0.0024056328401551
2628,0.0081795776007416
2629,0.0020112075182492
2630,0.0006084328285693
2631,0.0079272944031381
2632,0.0025376288456781
2633,-0.0027203315503061
2634,-0.0013416016869592
2635,-0.0032558570028365
2636,0.0038433856994152
2637,0.00124728231269
2638,0.0015753176375805
2639,-0.003942956938103
2640,0.0020559930314397
2641,0.0067073287829398
2642,0.0044525491565066
2643,0.0057500924838781
2644,0.0011531575668136
2645,0.000971932941994
2646,0.0098466650469712
2647,-0.0086601028957533
2648,0.0062878668641749
2649,0.0027461808705489
2650,0.005912686504348
2651,-0.0141202807606948
2652,-0.0077145426733163
2653,-0.006662770459508
2654,0.0102571355152024
2655,-0.0015698510251006
2656,-0.0229233396506334
2657,-0.0052238317748475
2658,0.0111374300771629
2659,0.0005876041935416
2660,-0.0050793471697502
2661,0.0161238852135885
2662,-0.0142621577927127
2663,-0.0187940024538462
2664,-0.0295560819528779
2665,0.0091773401543684
2666,-0.0067066202310268
2667,0.0228542264072666
2668,0.0043999952487773
2669,0.0005252882823773
2670,0.0163118556073407
2671,0.0031498775223189
2672,0.0169948473288125
2673,0.0022396561686913
2674,0.0095159208896475
2675,-0.0016274510802483
2676,0.0034307568148492
2677,-0.0078794473485784
2678,0.0105690361358988
2679,-0.0023864353295508
2680,0.001372185021466
2681,-0.0058224036693601
2682,8.960835311697507e-05
2683,0.0095007588880569
2684,-0.0207936558180617
2685,-0.0020489157170163
2686,-0.0024351460321275
2687,-0.0169733536780259
2688,0.0111338584435048
2689,0.0043462930994416
2690,0.0102067133819583
2691,0.0083880461139797
2692,0.0052091515394533
2693,0.0014757710237877
2694,0.0004084770751017
2695,-0.0029702277450562
2696,0.0169204387546829
2697,-0.0017299951074902
2698,0.0024956623114351
2699,0.0028572844410573
2700,-0.0022080637847373
2701,0.0039569801518772
2702,-0.0014514714471534
2703,0.0039992578510166
2704,-0.0089988071359916
2705,0.0004219328213298
2706,-0.0018298809371609
2707,0.0090463574804453
2708,-0.0090816034188048
2709,0.0094132014068044
2710,0.0069025286332768
2711,-0.0017516590543297
2712,0.0059703398262254
2713,0.0081452566428175
2714,-0.0078001213870428
2715,0.0043369965884726
2716,8.586530016653473e-05
2717,0.0038391574577002
2718,-0.0016435335696167
2719,-0.0005313793198457
2720,-0.0091791820913633
2721,0.0021602899209627
2722,-0.0003454570533297
2723,0.0030865844407481
2724,0.0016170504622095
2725,-0.0030296711849809
2726,-0.0197978778554719
2727,0.0042116244375392
2728,-0.0021563313197944
2729,0.0120195259055393
2730,0.0245613221074793
2731,0.0077024375326285
2732,0.0043223443292894
2733,0.0009523666781524
2734,-0.0031110997095218
2735,0.0004856778575623
2736,-0.0064511128275694
2737,-0.0128914423022242
2738,0.0040891692457099
2739,0.0036486596878037
2740,0.000338973520074
2741,0.0053539467302393
2742,0.0030944984951333
2743,0.0033863296731963
2744,0.0052079847398758
2745,-0.0030347629159576
2746,0.006193002372613
2747,0.0017908113514091
2748,0.0004635410007118
2749,0.00619041988224
2750,-0.0016470625094508
2751,0.001893888072473
2752,-0.0051629740876668
2753,-0.003113896721916
2754,0.0077008496983745
2755,-0.0051658540972935
2756,-0.0001985106783935
2757,0.0042608511012183
2758,-0.004128677159093
2759,-0.0302564502739722
2760,-0.0003072671884646
2761,0.0119394958349974
2762,0.005970451144236
2763,0.0110535892106899
2764,6.675104000592999e-05
2765,-0.0105824960585907
2766,-0.011477171997024
2767,-0.0036447495197072
2768,-0.0024599077601921
2769,0.0124258021550191
2770,0.0057439923408896
2771,-0.0113684113323432
2772,0.0014600901060758
2773,-0.0153852347279998
2774,0.0015492721229021
2775,0.0013749536471496
2776,0.0180266178010793
2777,-0.0019249964534732
2778,0.0099897855552948
2779,0.0091119184238171
2780,0.005605673620286
2781,0.0054431824581567
2782,-0.0029235979126033
2783,-0.0142462351403688
2784,0.0085557284849921
2785,-0.0044930464504116
2786,0.0053526801874905
2787,-0.0053361600667784
2788,-0.0067522273471607
2789,0.0066858373805791
2790,0.0040463425934682
2791,0.0034696265774842
2792,-0.0091956540871188
2793,0.0067682413464545
2794,0.0007603154501593
2795,-0.0032267946443753
2796,0.0105021302684492
2797,-4.9120776097904175e-05
2798,0.0029315727754616
2799,0.0023521231006388
2800,-0.004168995176016
2801,-0.0172521029137432
2802,-0.0045608229948461
2803,-0.0049855650095494
2804,0.0005047035820365
2805,-0.0160906342747143
2806,0.0154849178308069
2807,-0.0176751506186277
2808,-0.0119074254232362
2809,0.0106904127117993
2810,-0.0179105986282857
2811,0.0055892599572912
2812,-0.0269967571455645
2813,-0.0083475338587403
2814,0.0052925100400799
2815,-0.0134202236380149
2816,0.0204453515994633
2817,0.0076819178990082
2818,-0.0108673500386814
2819,0.0108319630688242
2820,-0.0028960638914207
2821,0.0003299500923103
2822,0.0177499984196416
2823,0.0024008848978642
2824,-0.01200996855149
2825,-0.0026593062739991
2826,-0.0203438023903903
2827,0.0066903406390715
2828,0.0028204990358717
2829,0.0063084886023452
2830,-0.0505365649167312
2831,-0.0603266228376971
2832,-0.0017828041094353
2833,-0.015786674208856
2834,0.0998628357094885
2835,-0.0448082247346327
2836,0.0176855036396987
2837,0.0096547774111007
2838,-0.0028047622235626
2839,-0.0224788395010363
2840,0.0014257714243309
2841,-0.024090528550859
2842,0.0256850015703508
2843,0.0153765960838134
2844,0.0208305981468994
2845,0.0071993163506396
2846,0.0003813089361194
2847,0.0062795259730785
2848,0.0003967639086399
2849,0.0070619374002496
2850,0.0147350632976082
2851,-0.0057509330156687
2852,-0.0083932989289141
2853,0.0041966233360389
2854,0.0069437400319449
2855,-0.0012751623018689
2856,0.0325131793484242
2857,0.0065821967215725
2858,0.0012772248112518
2859,0.0048724564941254
2860,0.0063139517860545
2861,0.0010933455928335
2862,-0.0033678472856408
2863,-0.0169943908891049
2864,0.0003946562726615
2865,-0.0068492819766913
2866,0.0205775315070126
2867,-0.0058021839800402
2868,0.0039395459706264
2869,-0.0011190623803994
2870,0.0056171095285939
2871,0.0056863376705644
2872,-0.0002683684423497
2873,-0.0048445457790686
2874,0.0102165692435079
2875,0.0009008884235446
2876,0.0056537127905243
2877,-0.0028560823067475
2878,0.00396637762853
2879,-0.011243174588052
2880,0.0094693992603226
2881,-0.0085818714410505
2882,-0.0001506489810498
2883,-0.0023512907795986
2884,0.0098289710971086
2885,0.0109866175919261
2886,0.0005601989757992
2887,0.0077933579784365
2888,0.0049560422843174
2889,0.0047697681289738
2890,-0.0003236449705556
2891,0.0045231083566081
2892,0.0078504933327745
2893,-0.0074800443547681
2894,-0.0005477591008009
2895,0.005978713525982
2896,0.0028162335359009
2897,-0.0035214590874839
2898,0.0019063189680753
2899,-0.0042824745760335
2900,0.0033376856766739
2901,0.0061009927369246
2902,-0.0007326412728856
2903,0.0018943993182298
2904,0.0001431116257501
2905,0.0084714226271789
2906,0.0003310640011979
2907,0.0042154610853085
2908,-0.0002511222460095
2909,-0.0026410811507953
2910,-0.0012601734456689
2911,-0.0037583191572022
2912,-0.0165262120412459
2913,0.0150855237449472
2914,-0.0050828639828035
2915,0.0076304529327768
2916,-0.0008379248720111
2917,0.0077672576965821
2918,-0.001979410196693
2919,0.0105897117848804
2920,0.0034173388471144
2921,9.299349247388216e-05
2922,-0.0023440353421621
2923,-0.0002175393804947
2924,-0.0054400099100128
2925,-0.0026605789014711
2926,-0.0040198349527377
2927,0.0152400632868318
2928,-0.0044107742045398
2929,0.0041782612647277
2930,0.0022759002902507
2931,0.0035351445501909
2932,-0.0059815633188441
2933,-0.0074377843947735
2934,0.0054048347951129
2935,0.0083227537280463
2936,-0.0029005007777643
2937,0.0024536672441945
2938,0.0023091052707458
2939,0.0028866449516346
2940,0.0082759736873276
2941,-0.0003347843799555
2942,0.0053098963212514
2943,-0.0013777997445971
2944,-0.0012431721602783
2945,0.0046615024417765
2946,0.004940692961188
2947,0.0047198792845417
2948,-0.0054583904597155
2949,-0.0031867166788192
2950,-0.0046241076930603
2951,0.0057127269825062
2952,0.0028064476894812
2953,0.0037597689278938
2954,0.0034017770959464
2955,0.0011511173226373
2956,-1.4818724464876764e-05
2957,0.0035798341068348
2958,-0.0037144018347419
2959,0.0059453874260843
2960,-0.0029012347560901
2961,-0.0273997899979889
2962,0.015227562737463
2963,-0.0012223980438369
2964,0.0044297154063206
2965,-0.0068335058753047
2966,0.0056602652917663
2967,0.0103467226145737
2968,-1.4955189601561524e-05
2969,-0.0052124434662263
2970,0.0059124530345945
2971,0.0081393328244262
2972,0.0117286179255213
2973,0.002652480390799
2974,0.0004802107354219
2975,-0.0110590395674334
2976,0.0032748926031152
2977,0.0018749327948009
2978,-0.0119244092156914
2979,0.003459479229167
2980,-0.010787357135266
2981,0.0009840815731577
2982,0.0154838621235324
2983,0.0022865871486387
2984,0.0005562521295209
2985,-0.0167332863642728
2986,-0.0001636093911431
2987,-0.0093601466002241
2988,-0.0084329449885995
2989,0.0038557148069217
2990,-0.0153596614593247
2991,0.009911918982616
2992,0.0146112812405993
2993,0.0093619528833288
2994,0.0068798242696038
2995,0.0054435576550633
2996,-0.0045758859064223
2997,0.0018504907533303
2998,0.0034567863924179
2999,0.0007308566971165
3000,0.0018976599322906
3001,-0.003008741077424
3002,-0.0008634949792658
3003,0.0066103219036881
3004,0.0023242286648015
3005,-0.0108102180559572
3006,-0.0015119558434006
3007,-0.0027360593974678
3008,-0.0110645755159521
3009,0.0075229121009618
3010,0.0090226384616987
3011,0.0062105487341077
3012,0.0045600714130916
3013,0.0035114490613241
3014,-0.0001014091854868
3015,-0.003570013109276
3016,-0.0012218930418649
3017,-0.0074365385229543
3018,0.0018313816388204
3019,0.0066380302639303
3020,0.005929612162752
3021,-0.0032286065226963
3022,-0.0001015268371399
3023,0.0065916159716394
3024,0.0015691657382673
3025,-0.0020014746381922
3026,-0.0049273421816183
3027,0.002719522746548
3028,-0.0008382356227388
3029,-0.0205668143829452
3030,0.0114749928751579
3031,0.0052095696074123
3032,0.0003627894295177
3033,0.0050652805902333
3034,0.0039763343857141
3035,-0.0001006640625627
3036,-0.0019863909365824
3037,-0.0029870043360058
3038,0.0049590013266115
3039,-0.0084913125002977
3040,-0.0048556876994214
3041,-0.0125679092302561
3042,0.0190030861556809
